<?xml version="1.0" encoding="utf-8"?>
<!DOCTYPE nta PUBLIC '-//Uppaal Team//DTD Flat System 1.6//EN' 'http://www.it.uu.se/research/group/darts/uppaal/flat-1_6.dtd'>
<nta>
	<declaration>// Place global declarations here.
const int N = 3; 
int[0,N] el;
int[0,1] flag;
chan issue_book, auth_sign_in, fail, check, sign_in_successful, buy, view,buy_complete,view_complete, plat_success, gold_success, failure, buy_plat, buy_gold, buy_fail;
int temp_balance=0;
int[0,2] temp_memberType;
int[0,1] check_creds;</declaration>
	<template>
		<name x="5" y="5">User</name>
		<parameter>int[0,N] &amp;use, const int[0,N] id, int[0,2] memberType, int account_balance</parameter>
		<declaration>// Place local declarations here.
</declaration>
		<location id="id0" x="-518" y="-935">
			<name x="-528" y="-969">idle</name>
		</location>
		<location id="id1" x="-518" y="-833">
			<name x="-501" y="-859">start_sign_in</name>
		</location>
		<location id="id2" x="-518" y="-739">
			<name x="-501" y="-756">signed_in</name>
		</location>
		<location id="id3" x="-620" y="-689">
			<name x="-646" y="-731">buying</name>
		</location>
		<location id="id4" x="-374" y="-689">
			<name x="-357" y="-697">viewing</name>
		</location>
		<location id="id5" x="-518" y="-561">
			<name x="-501" y="-570">logout</name>
		</location>
		<init ref="id0"/>
		<transition id="id6">
			<source ref="id5"/>
			<target ref="id0"/>
			<label kind="assignment" x="-892" y="-578">flag=0</label>
			<nail x="-910" y="-578"/>
			<nail x="-910" y="-926"/>
		</transition>
		<transition id="id7">
			<source ref="id1"/>
			<target ref="id2"/>
			<label kind="synchronisation" x="-510" y="-799">sign_in_successful?</label>
			<label kind="assignment" x="-510" y="-773">flag = 1</label>
		</transition>
		<transition id="id8">
			<source ref="id0"/>
			<target ref="id1"/>
			<label kind="guard" x="-518" y="-918">flag == 0</label>
			<label kind="synchronisation" x="-518" y="-901">issue_book!</label>
			<label kind="assignment" x="-518" y="-884">use := id</label>
		</transition>
		<transition id="id9">
			<source ref="id4"/>
			<target ref="id5"/>
			<label kind="synchronisation" x="-425" y="-655">view_complete?</label>
		</transition>
		<transition id="id10">
			<source ref="id2"/>
			<target ref="id4"/>
			<label kind="synchronisation" x="-484" y="-739">view!</label>
			<label kind="assignment" x="-501" y="-722">temp_memberType=memberType</label>
		</transition>
		<transition id="id11">
			<source ref="id3"/>
			<target ref="id5"/>
			<label kind="synchronisation" x="-646" y="-637">buy_complete?</label>
			<label kind="assignment" x="-671" y="-620">account_balance=temp_balance,
memberType=temp_memberType</label>
		</transition>
		<transition id="id12">
			<source ref="id2"/>
			<target ref="id3"/>
			<label kind="synchronisation" x="-578" y="-748">buy!</label>
			<label kind="assignment" x="-773" y="-714">temp_balance=account_balance, 
temp_memberType=memberType</label>
		</transition>
	</template>
	<template>
		<name>SignIn</name>
		<declaration>
</declaration>
		<location id="id13" x="-1156" y="-1156">
			<name x="-1166" y="-1190">idle</name>
		</location>
		<location id="id14" x="-1156" y="-1071">
			<name x="-1139" y="-1088">start_sign_in</name>
		</location>
		<location id="id15" x="-1156" y="-995">
			<name x="-1139" y="-1011">check_sign_in</name>
		</location>
		<location id="id16" x="-1156" y="-918">
			<name x="-1139" y="-926">checking_state</name>
		</location>
		<location id="id17" x="-1156" y="-833">
			<name x="-1139" y="-850">sign_in_success</name>
		</location>
		<init ref="id13"/>
		<transition id="id18">
			<source ref="id17"/>
			<target ref="id13"/>
			<label kind="synchronisation" x="-1368" y="-858">sign_in_successful!</label>
			<nail x="-1402" y="-833"/>
			<nail x="-1402" y="-1156"/>
		</transition>
		<transition id="id19">
			<source ref="id16"/>
			<target ref="id17"/>
			<label kind="synchronisation" x="-1147" y="-884">auth_sign_in?</label>
		</transition>
		<transition id="id20">
			<source ref="id16"/>
			<target ref="id15"/>
			<label kind="synchronisation" x="-1283" y="-977">fail?</label>
			<nail x="-1232" y="-918"/>
			<nail x="-1232" y="-1003"/>
		</transition>
		<transition id="id21">
			<source ref="id15"/>
			<target ref="id16"/>
			<label kind="synchronisation" x="-1139" y="-969">check!</label>
			<nail x="-1156" y="-943"/>
		</transition>
		<transition id="id22">
			<source ref="id14"/>
			<target ref="id15"/>
		</transition>
		<transition id="id23">
			<source ref="id13"/>
			<target ref="id14"/>
			<label kind="synchronisation" x="-1147" y="-1131">issue_book?</label>
			<nail x="-1156" y="-1105"/>
		</transition>
	</template>
	<template>
		<name>SignInAuthenticate</name>
		<location id="id24" x="-238" y="-1037">
			<name x="-248" y="-1071">check_sign_in</name>
		</location>
		<location id="id25" x="-212" y="-867">
			<name x="-195" y="-884">check_details</name>
		</location>
		<location id="id26" x="-212" y="-799">
			<name x="-255" y="-790">correct_details</name>
		</location>
		<location id="id27" x="-229" y="-935">
			<name x="-212" y="-952">checking_state</name>
		</location>
		<init ref="id24"/>
		<transition id="id28">
			<source ref="id27"/>
			<target ref="id25"/>
		</transition>
		<transition id="id29">
			<source ref="id25"/>
			<target ref="id24"/>
			<label kind="guard" x="-459" y="-952">check_creds == 0</label>
			<label kind="synchronisation" x="-416" y="-926">fail!</label>
			<label kind="assignment" x="-450" y="-901">check_creds = 1</label>
			<nail x="-306" y="-867"/>
			<nail x="-306" y="-969"/>
		</transition>
		<transition id="id30">
			<source ref="id26"/>
			<target ref="id24"/>
			<label kind="synchronisation" x="-42" y="-943">auth_sign_in!</label>
			<label kind="assignment" x="-42" y="-926">check_creds=0</label>
			<nail x="43" y="-808"/>
			<nail x="-25" y="-1071"/>
		</transition>
		<transition id="id31">
			<source ref="id25"/>
			<target ref="id26"/>
			<label kind="guard" x="-204" y="-850">check_creds == 1</label>
		</transition>
		<transition id="id32">
			<source ref="id24"/>
			<target ref="id27"/>
			<label kind="synchronisation" x="-229" y="-1003">check?</label>
		</transition>
	</template>
	<template>
		<name>Buying</name>
		<location id="id33" x="-85" y="-909">
			<name x="-95" y="-943">signed_in</name>
		</location>
		<location id="id34" x="-85" y="-807">
			<name x="-77" y="-841">buying</name>
		</location>
		<location id="id35" x="-204" y="-679">
			<name x="-214" y="-713">buyPlatinum</name>
		</location>
		<location id="id36" x="33" y="-679">
			<name x="23" y="-713">buyGold</name>
		</location>
		<location id="id37" x="-204" y="-603">
			<name x="-246" y="-629">platComplete</name>
		</location>
		<location id="id38" x="34" y="-603">
			<name x="25" y="-629">goldComplete</name>
		</location>
		<location id="id39" x="-85" y="-603">
			<name x="-95" y="-637">failed</name>
		</location>
		<init ref="id33"/>
		<transition id="id40">
			<source ref="id39"/>
			<target ref="id33"/>
			<label kind="synchronisation" x="-466" y="-561">buy_complete!</label>
			<nail x="-85" y="-544"/>
			<nail x="-484" y="-544"/>
			<nail x="-484" y="-909"/>
		</transition>
		<transition id="id41">
			<source ref="id38"/>
			<target ref="id33"/>
			<label kind="synchronisation" x="195" y="-722">buy_complete!</label>
			<label kind="assignment" x="187" y="-697">temp_memberType=1</label>
			<nail x="238" y="-603"/>
			<nail x="238" y="-816"/>
		</transition>
		<transition id="id42">
			<source ref="id37"/>
			<target ref="id33"/>
			<label kind="synchronisation" x="-441" y="-739">buy_complete!</label>
			<label kind="assignment" x="-450" y="-722">temp_memberType=2</label>
			<nail x="-399" y="-603"/>
			<nail x="-399" y="-824"/>
		</transition>
		<transition id="id43">
			<source ref="id36"/>
			<target ref="id39"/>
			<label kind="synchronisation" x="-76" y="-663">failure?</label>
		</transition>
		<transition id="id44">
			<source ref="id35"/>
			<target ref="id39"/>
			<label kind="synchronisation" x="-178" y="-663">failure?</label>
		</transition>
		<transition id="id45">
			<source ref="id36"/>
			<target ref="id38"/>
			<label kind="synchronisation" x="33" y="-658">gold_success?</label>
		</transition>
		<transition id="id46">
			<source ref="id35"/>
			<target ref="id37"/>
			<label kind="synchronisation" x="-323" y="-646">plat_success?</label>
		</transition>
		<transition id="id47">
			<source ref="id34"/>
			<target ref="id36"/>
			<label kind="synchronisation" x="-26" y="-756">buy_gold!</label>
		</transition>
		<transition id="id48">
			<source ref="id34"/>
			<target ref="id35"/>
			<label kind="synchronisation" x="-186" y="-760">buy_plat!</label>
		</transition>
		<transition id="id49">
			<source ref="id33"/>
			<target ref="id34"/>
			<label kind="synchronisation" x="-77" y="-875">buy?</label>
		</transition>
	</template>
	<template>
		<name>Bank</name>
		<declaration>int required_balance;
int buy_flag;</declaration>
		<location id="id50" x="-76" y="-705">
			<name x="-86" y="-739">buying</name>
		</location>
		<location id="id51" x="-221" y="-603">
			<name x="-231" y="-637">buyPlatinum</name>
		</location>
		<location id="id52" x="93" y="-594">
			<name x="83" y="-628">buyGold</name>
		</location>
		<location id="id53" x="-59" y="-518">
			<name x="-69" y="-552">checkBalance</name>
		</location>
		<location id="id54" x="-161" y="-425">
			<name x="-171" y="-459">buy_success</name>
		</location>
		<location id="id55" x="42" y="-416">
			<name x="32" y="-450">buy_fail</name>
		</location>
		<init ref="id50"/>
		<transition id="id56">
			<source ref="id55"/>
			<target ref="id50"/>
			<label kind="guard" x="-450" y="-408">required_balance==1000</label>
			<label kind="synchronisation" x="-442" y="-391">failure!</label>
			<label kind="assignment" x="-450" y="-374">buy_flag=0</label>
			<nail x="-408" y="-348"/>
			<nail x="-374" y="-552"/>
		</transition>
		<transition id="id57">
			<source ref="id55"/>
			<target ref="id50"/>
			<label kind="guard" x="136" y="-459">required_balance==500</label>
			<label kind="synchronisation" x="170" y="-433">failure!</label>
			<label kind="assignment" x="136" y="-416">buy_flag=0</label>
			<nail x="425" y="-416"/>
			<nail x="433" y="-663"/>
		</transition>
		<transition id="id58">
			<source ref="id54"/>
			<target ref="id50"/>
			<label kind="guard" x="212" y="-382">required_balance==500</label>
			<label kind="synchronisation" x="212" y="-365">gold_success!</label>
			<label kind="assignment" x="204" y="-348">buy_flag=0</label>
			<nail x="236" y="-335"/>
			<nail x="432" y="-480"/>
		</transition>
		<transition id="id59">
			<source ref="id54"/>
			<target ref="id50"/>
			<label kind="guard" x="-578" y="-578">required_balance==1000</label>
			<label kind="synchronisation" x="-578" y="-561">plat_success!</label>
			<label kind="assignment" x="-578" y="-544">buy_flag=0</label>
			<nail x="-493" y="-425"/>
			<nail x="-493" y="-620"/>
			<nail x="-204" y="-680"/>
		</transition>
		<transition id="id60">
			<source ref="id53"/>
			<target ref="id55"/>
			<label kind="guard" x="-25" y="-501">temp_balance&lt;required_balance</label>
		</transition>
		<transition id="id61">
			<source ref="id53"/>
			<target ref="id54"/>
			<label kind="guard" x="-416" y="-510">temp_balance&gt;=required_balance</label>
			<label kind="assignment" x="-467" y="-493">temp_balance=temp_balance-required_balance</label>
		</transition>
		<transition id="id62">
			<source ref="id52"/>
			<target ref="id53"/>
			<label kind="guard" x="-41" y="-590">buy_flag==1</label>
			<label kind="assignment" x="-17" y="-578">required_balance=500</label>
		</transition>
		<transition id="id63">
			<source ref="id51"/>
			<target ref="id53"/>
			<label kind="guard" x="-203" y="-594">buy_flag==1</label>
			<label kind="assignment" x="-263" y="-569">required_balance=1000</label>
		</transition>
		<transition id="id64">
			<source ref="id50"/>
			<target ref="id52"/>
			<label kind="synchronisation" x="-9" y="-679">buy_gold?</label>
			<label kind="assignment" x="-58" y="-649">buy_flag=1</label>
		</transition>
		<transition id="id65">
			<source ref="id50"/>
			<target ref="id51"/>
			<label kind="synchronisation" x="-204" y="-688">buy_plat?</label>
			<label kind="assignment" x="-204" y="-663">buy_flag=1</label>
		</transition>
	</template>
	<template>
		<name>View</name>
		<location id="id66" x="-102" y="-646">
			<name x="-85" y="-672">signed_in</name>
		</location>
		<location id="id67" x="-102" y="-527">
			<name x="-85" y="-544">viewing</name>
		</location>
		<location id="id68" x="-102" y="-467">
			<name x="-85" y="-484">print_details</name>
		</location>
		<location id="id69" x="-263" y="-365">
			<name x="-273" y="-399">print_no_membership</name>
		</location>
		<location id="id70" x="-102" y="-314">
			<name x="-93" y="-348">print_gold</name>
		</location>
		<location id="id71" x="85" y="-382">
			<name x="75" y="-416">print_platinum</name>
		</location>
		<init ref="id66"/>
		<transition id="id72">
			<source ref="id71"/>
			<target ref="id66"/>
			<label kind="synchronisation" x="0" y="-314">view_complete!</label>
		</transition>
		<transition id="id73">
			<source ref="id70"/>
			<target ref="id66"/>
			<label kind="synchronisation" x="-102" y="-288">view_complete!</label>
			<nail x="25" y="-544"/>
			<nail x="-102" y="-629"/>
		</transition>
		<transition id="id74">
			<source ref="id69"/>
			<target ref="id66"/>
			<label kind="synchronisation" x="-297" y="-306">view_complete!</label>
		</transition>
		<transition id="id75">
			<source ref="id68"/>
			<target ref="id71"/>
			<label kind="guard" x="17" y="-450">temp_memberType == 2</label>
		</transition>
		<transition id="id76">
			<source ref="id68"/>
			<target ref="id69"/>
			<label kind="guard" x="-297" y="-450">temp_memberType == 0</label>
		</transition>
		<transition id="id77">
			<source ref="id68"/>
			<target ref="id70"/>
			<label kind="guard" x="-93" y="-391">temp_memberType == 1</label>
		</transition>
		<transition id="id78">
			<source ref="id67"/>
			<target ref="id68"/>
		</transition>
		<transition id="id79">
			<source ref="id66"/>
			<target ref="id67"/>
			<label kind="synchronisation" x="-93" y="-603">view?</label>
		</transition>
	</template>
	<system>User1 := User(el, 1, 0, 1000);
User2 := User(el, 2, 0, 500);
User3 := User(el, 3, 0, 300);

system 
       User1, User2, User3, SignIn, SignInAuthenticate, View, Buying, Bank;
</system>
	<queries>
		<query>
			<formula>A[](not deadlock)
</formula>
			<comment>No deadlocks in logic, code runs smoothly
</comment>
			<result outcome="success" type="quality" timestamp="2023-11-30 20:25:26 +0530">
			</result>
		</query>
		<query>
			<formula>A&lt;&gt;(flag==1 imply flag==0)
</formula>
			<comment>Liveness of the user : ensures a signed in user is always signed out eventually.</comment>
			<result outcome="success" type="quality" timestamp="2023-11-30 22:06:42 +0530">
			</result>
		</query>
		<query>
			<formula>A[](temp_memberType==2 or temp_memberType==1 or temp_memberType==0)</formula>
			<comment>Safety for type of membership: User can only have 3 possible membership states (Type 0: No membership, Type 1: Gold, Type 2: Platinum)</comment>
			<result outcome="success" type="quality" timestamp="2023-11-30 18:27:50 +0530">
			</result>
		</query>
		<query>
			<formula>A[](not(temp_memberType==0 and temp_memberType==1) or (temp_memberType==1 and temp_memberType==2) or (temp_memberType==0 and temp_memberType==2))</formula>
			<comment>Safety property for single membership per user: User cannot have 2 membership types at once</comment>
			<result outcome="success" type="quality" timestamp="2023-11-30 20:53:15 +0530">
			</result>
		</query>
		<query>
			<formula>A&lt;&gt;(temp_balance&gt;=500 imply (temp_memberType==1 or temp_memberType==2))
</formula>
			<comment>If a user has enough account balance, they will eventually be a Gold or Platinum member
</comment>
			<result outcome="success" type="quality" timestamp="2023-11-30 22:07:14 +0530">
			</result>
		</query>
	</queries>
</nta>
